{
  "project_info": {
    "project_number": "1031986447412",
    "project_id": "wildlife-conservation-a-mvbq8z",
    "storage_bucket": "wildlife-conservation-a-mvbq8z.firebasestorage.app"
  },
  "client": [
    {
      "client_info": {
        "mobilesdk_app_id": "1:1031986447412:android:e8fef36de8369f34943661",
        "android_client_info": {
          "package_name": "com.mycompany.wildlifeconservationawareness"
        }
      },
      "oauth_client": [],
      "api_key": [
        {
          "current_key": "AIzaSyCaZWU-0cZLGjV4-8t7QWhSyj9HRALtcn0"
        }
      ],
      "services": {
        "appinvite_service": {
          "other_platform_oauth_client": []
        }
      }
    }
  ],
  "configuration_version": "1"
}